id,target_name,aptamer_type,target_category,kd_value,sequence,sequence_length,binding_conditions,binding_temp,doi,source_url,date_scraped
1,IL-23 (P19 subunit),DNA,Protein,,TGGGGTAGGGTGGTAGTTGGGAGGGTAGGGTGGT,34,,37°C,,https://www.aptagen.com/aptamers/a23p6/,2025-11-05 22:34:34
2,β-conglutin,DNA,Protein,,ATACTATAGTCGUTATGTAGTCATGTATTAUGCTUGUAT,39,,22°C,,https://www.aptagen.com/aptamers/lup-an-1-allergen-conglutin-sgq/,2025-11-05 22:34:37
3,HupB (Rv2986c),DNA,Protein,,GGGGGGGGAGG,11,,23°C,,https://www.aptagen.com/aptamers/hupb-13t/,2025-11-05 22:34:41
4,"SARS-CoV nucleocapsid, SARS-CoV-2 nucleocapsid",DNA,Protein,,GACCGCCCCAGCCT,14,,23°C,,https://www.aptagen.com/aptamers/aptamer-1-switch-antisense/,2025-11-05 22:34:44
5,TfR-positive cells,DNA,Protein,,GCGTCGTACCACGC,14,,37°C,10.1089/nat.2015.0585,https://www.aptagen.com/aptamers/tfra4/,2025-11-05 22:34:48
6,Thrombin,DNA,Protein,,ATAGAACATAATATCGCTACTCCAATCTATACUTGCUTTTATUAAUCATTTACATTGUCTATAGACAGGTCATAAAGATATUATUTAATAGCACGTATUATAGUAATUCCUTTTAGCAGGCTAGTUTUCTACTUTCCAATAGATATAACTACUTATAGCTATACTATAGTTATGTAGTCATGTATTAUGCTUCTUTACTATACCCACGCGT,211,,37°C,,https://www.aptagen.com/aptamers/thrombin-15mer/,2025-11-05 22:34:51
7,RBD of the Spike glycoprotein from SARS-CoV-2,DNA,Protein,,TAUGCTUTACTAGT,14,,23°C,,https://www.aptagen.com/aptamers/sars-cov-2-aptamer-1c-apta-switch-antisense/,2025-11-05 22:34:54
8,Thrombin,DNA,Protein,,ATACTATAGTTATGTAGTCATGT,23,"0.1 M Na2HPO4, 0.",25°C,10.1016/j.aca.2013.09.060,https://www.aptagen.com/aptamers/thiol-modified-thrombin-aptamer/,2025-11-05 22:34:57
9,α-thrombin,DNA,Protein,,GGTTGGTGTTGTTGG,15,,37°C,10.1002/cbic.200700535,https://www.aptagen.com/aptamers/thrombin/,2025-11-05 22:35:01
10,Nucleolin,DNA,Protein,,ATACTATAGTUCATGTAGTCATGTGCTUTATCGTAAACAAUACCAUCCATATGACATTAACAA,63,,37°C,10.3390/ijms241814380,https://www.aptagen.com/aptamers/isn04-nucleolin-aptamer/,2025-11-05 22:35:04
11,Hemin,DNA,Protein,,GCTTAAACTTAAUUGTATTGTTCGTCATATCTUCCAACATTTUTACTATTAUACTATATTCTAGUAUTUCTUTATACTATUAAACTTUC,89,,95°C,,https://www.aptagen.com/aptamers/peroxidase-dnazyme-b7-3-0/,2025-11-05 22:35:07
12,Siglec-5,DNA,Protein,,ATGTAGTCATGTAT,14,,,,https://www.aptagen.com/aptamers/k19/,2025-11-05 22:35:10
13,C-reactive Proteins (CRP),DNA,Protein,,TAUGCTUAACCGCATTGT,18,,23°C,,https://www.aptagen.com/aptamers/pf20n-ro-maras-84-1/,2025-11-05 22:35:13
14,?1-Adrenoceptor Autoantibodies(AABs),DNA,Protein,,ATACTATAGTACTAUTATAAATGTAGTCATGTATATAUGCTUUTU,45,,,,https://www.aptagen.com/aptamers/anti-1-adrenergic-receptor-autoantibodies-aptamer-110/,2025-11-05 22:35:17
15,Aflatoxin M1,DNA,Protein,,ACTGCTAGAGATTTTCCACAT,21,,,,https://www.aptagen.com/aptamers/anti-aflatoxin-m1/,2025-11-05 22:35:20
16,GHSA,DNA,Protein,,TGCGGTTGTAGTACTCGTGGCCG,23,,25°C,,https://www.aptagen.com/aptamers/glycated-human-serum-albumin-ghsa/,2025-11-05 22:35:30
17,a-synuclein oligomers,DNA,Protein,25 nM,ATAGAACATAATATCGCTACTCCAATCTATACUTGCUTTTATUAAUCATTTACATTGUCTATAGACAGGTCATAAAGATATUATUTAATAGCACGTATUATAGUAATUCCUTTTAGCAGGCTAGTUTUCTACTUTCCAATAGATATAACTACUTATAGCAUCGTATACTATAGTAUCGATGTAGTCATGTATTAUGCTUTTUAAATCACCTTGTCGTCATTCTCATAATCTAATATUCCCTCACTTTACCAGTTAUCGCACTTUCAATGGCTCCTUUGGTTATTATAAGUAUUC,294,,25°C,,https://www.aptagen.com/aptamers/a-synuclein-oligomers-t-so508/,2025-11-05 22:35:33
18,HupB,DNA,Protein,,GGGTAGCAGATGGGGGGGGGG,21,,23°C,,https://www.aptagen.com/aptamers/hupb-4t/,2025-11-05 22:35:36
19,ing VEGF-121 (ID# 7733),DNA,Protein,,TGTCGTCATGAATAUCGTUAGTCTUUCTGTATGTAGTTTATACUCTAATGAATAGCTTTUTATAUCTTUTGCCTTATUCATAATATATTAGTTGAGUC,98,,24°C,,https://www.aptagen.com/aptamers/v7t1-targeting-vegf-121/,2025-11-05 22:35:39
20,ing VEGF-165 (ID# 7734),DNA,Protein,,ATAGAACATAATATCGCTACTCCAATCTATACUTGCUTTTATUAAUCATTTACATTGUCTATAGACAGGTCATAAAGATATUATUTAATAGCACGTATUATAGUAATUCCUTTTAGCAGGCTAGTUTUCTACTUTCCAATAGATATAACTACUTATAGCTTAGTGG,166,,24°C,,https://www.aptagen.com/aptamers/v7t1-targeting-vegf-165/,2025-11-05 22:35:42
21,Tumor necrosis factor-alpha (TNFa),DNA,Protein,,TGGTGGATGG,10,,37°C,,https://www.aptagen.com/aptamers/tumor-necrosis-factor-alpha-tnfa-vr11/,2025-11-05 22:35:46
22,MUC1,DNA,Protein,,TAUGCTUUTATUGTGTCATGAATAUCGTUAGTCTUUCTGTATGTAGTTTATACUCTAATGAATAGCTTTUTATAUCTTUTGUC,83,,,,https://www.aptagen.com/aptamers/s2-2/,2025-11-05 22:35:49
23,MUC-1,DNA,Protein,,ATACTATAGTUCATGTAGTCATGTATTAUGCTUUTAGCTTTATATAATAGTCGTCATGAATAUCGTUAGTCTUUCTGTATGTAGTTTATACUCTAATGAATAGCTTTUTATAUCTTUTGCTTATATTACTAACTCCAATATUCTTATATCCTTAAGTCATTUUC,164,,25°C,,https://www.aptagen.com/aptamers/s22/,2025-11-05 22:35:52
24,TNFα,DNA,Protein,,UCCTAGTACGTATCCGUTTATATAA,25,,4 °C,,https://www.aptagen.com/aptamers/vr11/,2025-11-05 22:35:55
25,Nucleolin,DNA,Protein,,ATACTATAGTUCATGTAGTCATGTATATAUGCTUUCTAGATAATCGTAUAT,51,,37°C,,https://www.aptagen.com/aptamers/nucleolin-aptamer-as1411/,2025-11-05 22:35:59
26,VEGF (165),DNA,Protein,,ATGTAGTCATGTATTAUGCTUATUTTUAUATUGUAAATGATUGTCGTCATGAATAUCGTUAGTCTUUCTGTATGTAGTTTATACUCTAATGAATAGCTTTUTATAUCTTUTGUC,114,,25°C,10.1371/journal.pone.0031196,https://www.aptagen.com/aptamers/vegf-sl2-b-aptamer/,2025-11-05 22:36:02
27,Recombinant Human Vascular Endothelial Growth Factor,DNA,Protein,,ATAGAACATAATATCGCTACTCCAATCTATACUTGCUTTTATUAAUCATTTACATTGUCTATAGACAGGTCATAAAGATATUATUTAATAGCACGTATUATAGUAATUCCUTTTAGCAGGCTAGTUTUCTACTUTCCAATAGATATAACTACUTATAGCATGATACTATAGTCATUAACUATAGTACTATGTAGTCATGTATTAUGCTUUAATUA,215,10 mM phosphate buffered saline; 138 mM NaCl; 2.,80°C,,https://www.aptagen.com/aptamers/anti-vegf165/,2025-11-05 22:36:05
28,Streptavidin,DNA,Protein,,ATAGAACATAATATCGCTACTCCAATCTATACUTGCUTTTATUAAUCATTTACATTGUCTATAGACAGGTCATAAAGATATUATUTAATAGCACGTATUATAGUAATUCCUTTTAGCAGGCTAGTUTUCTACTUTCCAATAGATATAACTACUTATAGCTATATACTATAGTTTAATGTAGTCATGTAT,189,,,,https://www.aptagen.com/aptamers/strepapt5/,2025-11-05 22:36:08
